Performance,Mean,STD,Variance,Min,Max
groups,2.0,0.0,0.0,2.0,2.0
memberG1,109.88888888888889,27.730626648544884,768.9876543209876,38.0,127.0
memberG2,18.11111111111111,27.73062664854488,768.9876543209875,1.0,90.0
calinski_harabaz_score,10.355776399411893,6.1979721217624,38.41485842214391,5.507853401032346,21.285373907485475
silhouette_score,0.31629281876354187,0.15130551453950938,0.022893358730065684,0.013813635062512668,0.45982773086085416
