Performance,Mean,STD,Variance,MAX,MIN
R_Score,0.734540118058,0.389170082153,0.151453352843,0.995567464826,-0.000584002633784
Pearson,0.870503923545,0.241653180214,0.0583962595076,0.997815629542,0.261614308978
Spearman,0.868418348426,0.248335694621,0.0616706172227,0.996304764891,0.236842105263
Kendalltau,0.804862183321,0.266499806502,0.0710221468658,0.97224660003,0.195681511471
