Performance,Mean,STD,Variance,Min,Max
groups,2.0,0.0,0.0,2.0,2.0
memberG1,101.83333333333333,25.239409220062537,637.0277777777778,46.0,127.0
memberG2,26.166666666666668,25.239409220062537,637.0277777777778,1.0,82.0
calinski_harabaz_score,10.27018868652065,7.123446410810904,50.74348876769475,1.8736807532807898,21.392087490324695
silhouette_score,0.13386851117584,0.025328434973374954,0.0006415296182004835,0.0949056652667184,0.16437065105452386
