Performance,Mean,STD,Variance,MAX,MIN
Accuracy,0.636580283579,0.114838424078,0.0131878636446,0.821078431373,0.31862745098
Recall,0.46859004188,0.295802046866,0.0874988509301,0.857142857143,0.0
Precision,0.445635906605,0.288577142208,0.0832767670049,0.916666666667,0.0
F1,0.430231110792,0.274433146343,0.0753135518116,0.791176470588,0.0
