Performance,Mean,STD,Variance,Min,Max
groups,2.0,0.0,0.0,2.0,2.0
memberG1,89.8888888889,16.4042301079,269.098765432,50.0,114.0
memberG2,60.1111111111,16.4042301079,269.098765432,36.0,100.0
calinski_harabaz_score,205.463306787,56.2788419936,3167.30805615,78.2233589502,252.198683698
silhouette_score,0.497601879796,0.0863846368663,0.00746230548652,0.294118176527,0.566153096884
