Performance,Mean,STD,Variance,Min,Max
groups,2.0,0.0,0.0,2.0,2.0
memberG1,87.2307692308,15.8364421323,250.792899408,50.0,101.0
memberG2,62.7692307692,15.8364421323,250.792899408,49.0,100.0
calinski_harabaz_score,209.521848549,47.8852416376,2292.99636669,141.721725743,251.349339465
silhouette_score,0.522601764998,0.0728986996167,0.00531422040581,0.411857111602,0.581750049198
