Performance,Mean,STD,Variance,MAX,MIN
Accuracy,0.522784690799,0.019228271416,0.000369726421647,0.558521870287,0.492006033183
Recall,0.379833333333,0.148182038948,0.0219579166667,0.504333333333,0.0
Precision,0.443043163039,0.170983600697,0.0292353917074,0.549553492485,0.0
F1,0.402100536435,0.153726485727,0.023631832414,0.49587460034,0.0
