Algorithm,Params,Validation,Accuracy,Recall,Precision,F1
AdaBoostClassifier,Algorithm:SAMME-n_estimators:10,CV-5,0.519155354449,0.438666666667,0.513440098921,0.462722800859
Bagging,bootstrap:True-n_estimators:10,CV-5,0.52730015083,0.378666666667,0.533977591036,0.442839317545
BernoulliNB,Default,CV-5,0.558521870287,0.455,0.548866411553,0.49587460034
DecisionTree,criterion:gini-splitter:best,CV-5,0.523378582202,0.395,0.45943627451,0.416826651609
GaussianNB,Default,CV-5,0.534841628959,0.413666666667,0.549553492485,0.457272576811
KNeighborsClassifier,n_neighbors:1-algorithm:auto-metric:minkowski-weights:uniform,CV-5,0.499698340875,0.453333333333,0.460714285714,0.453502262443
NuSVM,kernel:rbf-nu:0.010000-degree:3,CV-5,0.492006033183,0.504333333333,0.478357150096,0.487766081871
SVM,kernel:rbf-c:0.010000-degree:3,CV-5,0.527375565611,0.0,0.0,0.0
