Performance,Mean,STD,Variance,Min,Max
groups,2.0,0.0,0.0,2.0,2.0
memberG1,62.5,13.508227945301421,182.47222222222223,31.0,73.0
memberG2,11.5,13.508227945301421,182.47222222222223,1.0,43.0
calinski_harabaz_score,7.892816732656787,2.326940075679038,5.414650115801168,0.8860543327959632,10.968364376847198
silhouette_score,0.21127181613098533,0.09081712985384163,0.008247751074889533,-0.017207478078340506,0.2769375241946898
