Performance,Mean,STD,Variance,MAX,MIN
R_Score,0.701581754711,0.345614998282,0.119449727038,1.0,-0.00145718478056
Pearson,0.80585506359,0.333479204492,0.111208379828,1.0,0.0
Spearman,0.809187662459,0.334476038885,0.111874220589,1.0,0.0
Kendalltau,0.713055777154,0.311705198713,0.0971601309047,1.0,0.0
