Performance,Mean,STD,Variance,MAX,MIN
Accuracy,0.621875,0.0501624963659,0.00251627604166,0.691666666667,0.516666666667
Recall,0.77,0.100747208398,0.01015,1.0,0.65
Precision,0.675922619048,0.0398465447699,0.0015877471301,0.722857142857,0.603333333333
F1,0.709205655456,0.0473985718658,0.00224662461492,0.781538461538,0.615930735931
