Performance,Mean,STD,Variance,MAX,MIN
R_Score,0.694387774394,0.419152034258,0.175688427823,0.991365901765,-0.0844829947383
Pearson,0.944231951652,0.0666028064413,0.00443593382586,0.995836709022,0.828305943575
Spearman,0.929688265713,0.095112444879,0.00904637717085,0.997557997558,0.727106227106
Kendalltau,0.841771098438,0.171925474801,0.0295583688856,0.982905982906,0.509971509972
