Performance,Mean,STD,Variance,MAX,MIN
R_Score,-0.474300095788,0.500611433671,0.250611807522,-0.0224518902775,-1.68676418284
Pearson,-0.338873980717,0.221224376979,0.0489402249698,0.0954255735971,-0.537998919963
Spearman,-0.30409192665,0.179541340025,0.0322350927778,0.0126666542828,-0.505585020556
Kendalltau,-0.227955988775,0.148189370945,0.0219600896612,0.0335326375507,-0.404724375372
