Performance,Mean,STD,Variance,MAX,MIN
Accuracy,0.670133721927,0.147453635518,0.0217425746275,0.846315789474,0.288947368421
Recall,0.798623689015,0.266418429749,0.0709787797098,1.0,0.134065934066
Precision,0.702240295751,0.142244972011,0.0202336320625,0.874404761905,0.14
F1,0.727276717199,0.210666253981,0.0443802705665,0.891132275132,0.164705882353
