Performance,Mean,STD,Variance,Min,Max
groups,2.0,0.0,0.0,2.0,2.0
memberG1,32.44444444444444,4.487293445846372,20.135802469135804,16.0,34.0
memberG2,4.555555555555555,4.487293445846372,20.1358024691358,3.0,21.0
calinski_harabaz_score,9.366089022479274,1.131043869045776,1.2792602337060386,6.021848395847355,9.858694654013812
silhouette_score,0.34476397102918893,0.07802165922762107,0.006087379308631027,0.15346740995866925,0.3793712891934521
