Performance,Mean,STD,Variance,MAX,MIN
Accuracy,0.763773240465,0.18415393078,0.0339126702216,0.892828330206,0.188836772983
Recall,0.351428571429,0.224242518094,0.0502847069211,0.942857142857,0.0
Precision,0.423927597938,0.325369273625,0.105865164219,0.875,0.0
F1,0.319519695273,0.212335715533,0.0450864560911,0.621443556444,0.0
