Performance,Mean,STD,Variance,Min,Max
groups,2.0,0.0,0.0,2.0,2.0
memberG1,87.22222222222223,19.170450512168625,367.50617283950623,52.0,102.0
memberG2,15.777777777777779,19.17045051216862,367.5061728395061,1.0,51.0
calinski_harabaz_score,7.61083458325992,5.042418900192836,25.425988365021933,1.0000888074325787,16.212291125255913
silhouette_score,0.2581878977757232,0.148412913218282,0.022026392809937307,0.018257796000541275,0.4188856741379629
