Performance,Mean,STD,Variance,MAX,MIN
Accuracy,0.700042831138,0.143536745934,0.0206027974333,0.81645021645,0.202164502165
Recall,0.806529019146,0.21545899565,0.0464225788067,1.0,0.0228758169935
Precision,0.802090754751,0.091850645712,0.00843654111771,0.913846153846,0.4
F1,0.784096469727,0.162610279047,0.0264421028518,0.898947368421,0.0432748538012
