Performance,Mean,STD,Variance,MAX,MIN
Accuracy,0.741273023032,0.102608501036,0.0105285044849,0.891025641026,0.411782661783
Recall,0.854602485222,0.142906530056,0.0204222763328,1.0,0.407407407407
Precision,0.817625989043,0.0993716617956,0.00987472716802,1.0,0.611111111111
F1,0.814350441294,0.0978376885647,0.00957221330368,0.915789473684,0.424242424242
