Performance,Mean,STD,Variance,MAX,MIN
Accuracy,0.689637080234,0.177898326719,0.0316478146493,0.880797202797,0.274363636364
Recall,0.689396278633,0.177703308453,0.0315784658351,0.880797202797,0.274363636364
Precision,0.641304884828,0.254380980307,0.0647096831422,0.889150985378,0.194741722334
F1,0.639311625041,0.230768737194,0.0532542100659,0.878947026886,0.224702942934
