Performance,Mean,STD,Variance,MAX,MIN
R_Score,0.69924149364,0.346026595194,0.119734404582,1.0,-0.00145718478056
Pearson,0.806307477186,0.333535073251,0.111245645089,1.0,0.0
Spearman,0.809208079397,0.334483541768,0.111879239714,1.0,0.0
Kendalltau,0.713350822117,0.311833123943,0.0972398971881,1.0,0.0
