Performance,Mean,STD,Variance,Min,Max
groups,2.0,0.0,0.0,2.0,2.0
memberG1,7217.66666667,1823.37556319,3324698.44444,4976.0,9999.0
memberG2,2782.33333333,1823.37556319,3324698.44444,1.0,5024.0
calinski_harabaz_score,521.565727152,348.770617441,121640.94359,0.371408613145,1241.76595311
silhouette_score,0.0767598540791,0.077580829845,0.00601878515944,-0.170940607684,0.191584451556
