Performance,Mean,STD,Variance,MAX,MIN
R_Score,0.657283529227,0.386636418642,0.14948772022,0.97354679039,-0.00195238054202
Pearson,0.783126408079,0.286585384735,0.0821311827437,0.986711717327,0.266992960912
Spearman,0.78023103484,0.287692431711,0.0827669352637,0.974381670424,0.268015519126
Kendalltau,0.676468403912,0.277878429617,0.0772164216464,0.879214509193,0.189882369955
