Algorithm,Params,Validation,Accuracy,Recall,Precision,F1
BernoulliNB,Default,CV-10,0.547094017094,0.472435897436,0.544004753417,0.491628995396
KNeighborsClassifier,n_neighbors:1-algorithm:auto-metric:minkowski-weights:uniform,CV-10,0.452347578348,0.451282051282,0.405356858054,0.422663210783
DecisionTree,criterion:gini-splitter:best,CV-10,0.459863247863,0.437820512821,0.431233488733,0.43044233866
AdaBoostClassifier,Algorithm:SAMME-n_estimators:10,CV-10,0.488290598291,0.416025641026,0.484503690754,0.401232137002
Bagging,bootstrap:True-n_estimators:10,CV-10,0.536017094017,0.365384615385,0.436143301143,0.462492000753
GaussianNB,Default,CV-10,0.507863247863,0.364743589744,0.504523809524,0.408653846154
