Performance,Mean,STD,Variance,MAX,MIN
Accuracy,0.498579297246,0.0355518870721,0.00126393667439,0.547094017094,0.452347578348
Recall,0.417948717949,0.0409721873989,0.00167872014025,0.472435897436,0.364743589744
Precision,0.467627650271,0.0477371972232,0.00227883999873,0.544004753417,0.405356858054
F1,0.436185421458,0.0315213655578,0.000993596486628,0.491628995396,0.401232137002
