Performance,Mean,STD,Variance,Min,Max
groups,2.0,0.0,0.0,2.0,2.0
memberG1,199.722222222,48.6344705779,2365.3117284,128.0,255.0
memberG2,56.2777777778,48.6344705779,2365.3117284,1.0,128.0
calinski_harabaz_score,24.3861578863,18.4829471672,341.619335986,0.66878894399,51.3673833339
silhouette_score,0.13724238988,0.0593576445047,0.00352332996114,-0.0807693551086,0.188658742327
