Performance,Mean,STD,Variance,Min,Max
groups,2.0,0.0,0.0,2.0,2.0
memberG1,41.888888888888886,14.027310223231162,196.76543209876547,10.0,51.0
memberG2,10.11111111111111,14.027310223231162,196.76543209876547,1.0,42.0
calinski_harabaz_score,6.064581038827952,1.6953026151864,2.8740509570578467,4.096711196910369,8.698373680975545
silhouette_score,0.30456728572502745,0.08865802895866316,0.007860246098835157,0.11756108384005257,0.39408839810773993
