Performance,Mean,STD,Variance,MAX,MIN
Accuracy,0.623297997644,0.141908129827,0.020137917311,0.730714285714,0.104285714286
Recall,0.623266868585,0.142065665278,0.0201826532509,0.730714285714,0.104285714286
Precision,0.528381722409,0.0747136920005,0.00558213577234,0.631338938839,0.0502082560297
F1,0.554549054573,0.108131828075,0.0116924922428,0.649997156757,0.0568074544503
