Performance,Mean,STD,Variance,MAX,MIN
Accuracy,0.69969471116,0.179762901754,0.0323147008471,0.7965997151,0.0546638176638
Recall,0.699725134873,0.179777982739,0.0323201230779,0.7965997151,0.0546638176638
Precision,0.624441877732,0.0597686356971,0.00357228981309,0.686166228535,0.0884593424276
F1,0.63834275509,0.143389993223,0.0205606901566,0.718996924997,0.0245999298608
